,media,mediana,inter_linear,inter_cubic,inter_slinear,inter_akima,inter_poly5,inter_spline5,knn,media_movel_3,real,pix
0,,,,,,,,,,,127.0949719205249,154.91803889833983
1,,,,,,,,,,,138.28212187942842,143.5903576366062
2,,,,,,,,,,,127.09497208826701,143.01075765706966
3,,,,,,,,,,,127.09497151761076,121.36101261530504
4,,,,,,,,,,,117.31843642848838,132.2006678239929
5,,,,,,,,,,,110.32122953040482,109.57631488960222
6,,,,,,,,,,,108.92458070756334,98.56725441968307
7,,,,,,,,,,,120.11173240382561,110.03784057991199
8,,,,,,,,,,,113.11452555797952,100.26475504727509
9,,,,,,,,,,,111.71787774616946,102.26211066217313
10,,,,,,,,,,,108.92458161703367,105.4054689548868
11,,,,,,,,,,,124.3016756904524,125.92752100036112
12,,,,,,,,,,,110.32122913997762,128.77281346967104
13,,,,,,,,,,,108.92458129611761,103.87881179511879
14,,,,,,,,,,,114.52513971641741,99.45178883160622
15,,,,,,,,,,,111.71787753534704,95.4288563398675
16,,,,,,,,,,,115.92178814903974,95.07325641269784
17,,,,,,,,,,,111.71787656032006,101.23614255588654
18,,,,,,,,,,,120.1117304308788,114.51368121128516
19,,,,,,,,,,,136.88547561621502,127.51303611895526
20,,,,,,,,,,,124.3016754049162,135.5190145482394
21,,,,,,,,,,,168.01675689952998,125.59511844797213
22,,,,,,,,,,,177.82123031063472,124.57431980767765
23,,,,,,,,,,,154.00838102874772,137.59810143717513
24,,,,,,,,,,,163.81284989458229,145.93357157565708
25,,,,,,,,,,,172.22067139668155,122.68960747638857
26,,,,,,,,,,,163.8128509767895,107.70852316524714
27,,,,,,,,,,,132.69553207485376,135.89371572493198
28,,,,,,,,,,,138.28212426652806,141.7314796824031
29,,,,,,,,,,,144.2039093175413,127.4508489685018
30,,,,,,,,,,,161.0195528786607,131.25449741269605
31,,,,,,,,,,,163.81285082528044,117.13927905194923
32,,,,,,,,,,,149.8044683355526,110.11770184542047
33,,,,,,,,,,,168.01675672970657,101.48622797188146
34,,,,,,,,,,,156.8156453367718,120.67410773217827
35,,,,,,,,,,,165.22346491170993,128.36132449560995
36,,,,,,,,,,,170.82402538737122,129.516405855727
37,,,,,,,,,,,151.20111925974896,128.2737976912013
38,,,,,,,,,,,163.8128468477525,128.0730492975458
39,,,,,,,,,,,170.82402307227972,120.94751170893606
40,,,,,,,,,,,165.22346062616927,119.57240087609716
41,,,,,,,,,,,163.81285167939143,99.15687646279781
42,,,,,,,,,,,172.22066712113033,125.48093856379958
43,,,,,,,,,,,170.8240239105744,129.2971436188209
44,,,,,,,,,,,176.42457780974556,171.11087458759744
45,,,,,,,,,,,170.82402122087296,193.45803768941119
46,,,,,,,,,,,177.8212316908647,151.79149429724836
47,,,,,,,,,,,186.22905104353438,152.90470433010375
48,,,,,,,,,,,189.03631263605027,148.4734808599486
49,,,,,,,,,,,189.03631462398204,145.00321689764243
50,,,,,,,,,,,204.44134350512238,146.6600065774093
51,,,,,,,,,,,204.4413399296768,146.71894594194515
52,,,,,,,,,,,204.44134132822103,147.16526412597548
53,,,,,,,,,,,204.4413431263505,122.39517881217606
54,,,,,,,,,,,203.0446921563682,125.19719805443575
55,,,,,,,,,,,208.64525354774287,128.8809283185937
56,,,,,,,,,,,203.0446944839461,136.81246046164205
57,,,,,,,,,,,196.03352142695644,116.05224127293307
58,,,,,,,,,,,193.2402215123841,117.5629900262675
59,,,,,,,,,,,190.432957757951,152.0898716393128
60,,,,,,,,,,,198.840782122905,143.89962458244247
61,,,,,,,,,,,197.44413631921384,138.3341946132354
62,,,,,,,,,,,198.840782122905,140.90189408323621
63,,,,,,,,,,,187.63966627460604,140.81814659457623
64,,,,,,,,,,,179.23184242661404,148.63269765949758
65,,,,,,,,,,,180.62849301865612,132.3363392579487
66,,,,,,,,,,,169.41340979833842,115.48230707270817
67,,,,,,,,,,,129.88826729149133,137.34453777694185
68,,,,,,,,,,,128.4916201319191,158.1366253098961
69,,,,,,,,,,,134.09217811996012,162.4891575363425
70,,,,,,,,,,,134.09217859696403,190.1406023630549
71,,,,,,,,,,,136.88547603244908,188.4266567946149
72,,,,,,,,,,,141.3966487518732,172.7167979748558
73,,,,,,,,,,,139.67876992412118,176.97423838869832
74,,,,,,,,,,,134.0921781532591,159.8286067007637
75,,,,,,,,,,,111.71787672910276,174.46517006228754
76,,,,,,,,,,,104.7346364935683,168.76823367353248
77,,,,,,,,,,,113.11452556339064,160.39162564793793
78,,,,,,,,,,,107.52793388659735,141.45718855148607
79,,,,,,,,,,,115.92178716090135,148.28861183460856
80,,,,,,,,,,,115.92178773051683,156.15422853960655
81,,,,,,,,,,,115.92178881667846,176.38826898772624
82,,,,,,,,,,,120.11173110101477,167.83114644735218
83,,,,,,,,,,,118.71508262676898,171.47446489034405
84,,,,,,,,,,,132.69553063968033,151.23722561661066
85,,,,,,,,,,,114.52514023442005,145.10931071955403
86,,,,,,,,,,,113.1145255800399,119.15570471539841
87,,,,,,,,,,,118.71508281157666,128.108352098052
88,,,,,,,,,,,117.3184358857196,145.88115059463647
89,,,,,,,,,,,114.52514003774965,118.41258043683426
90,,,,,,,,,,,99.14804485381978,138.94673119377146
91,,,,,,,,,,,90.75419015693349,118.3834766846297
92,,,,,,,,,,,94.94413376863858,136.1200788533889
93,,,,,,,,,,,145.6005586625476,151.05708255115152
94,,,,,,,,,,,128.4916207851974,133.12157853771822
95,,,,,,,,,,,128.49162067822564,149.48922601075785
96,,,,,,,,,,,161.01955467096258,156.58268352294135
97,,,,,,,,,,,155.40502907135928,154.43264077578857
98,,,,,,,,,,,151.20111769138106,155.27258925972384
99,,,,,,,,,,,154.00837981501095,159.18018075673905
100,,,,,,,,,,,155.40503049029985,167.45321649412875
101,,,,,,,,,,,165.22346477102303,164.10735324358137
102,,,,,,,,,,,155.40502643618507,183.68004431271692
103,,,,,,,,,,,165.22346189568188,180.82661680169645
104,,,,,,,,,,,172.2206696451708,164.79447503329644
105,,,,,,,,,,,175.02793092717656,165.23390325421045
106,,,,,,,,,,,173.61731688237057,158.98294701672802
107,,,,,,,,,,,180.62849217120493,145.5034053175809
108,,,,,,,,,,,169.4134075132161,143.0005923812615
109,,,,,,,,,,,166.6201145231058,139.3519258981974
110,,,,,,,,,,,165.22346491170993,144.2213286267979
111,,,,,,,,,,,166.620114502294,141.73726366884875
112,,,,,,,,,,,183.4357527114824,141.79377283713663
113,,,,,,,,,,,175.0279362208347,146.12102898805477
114,,,,,,,,,,,162.4162035681013,136.9148825533561
115,,,,,,,,,,,208.645251396648,156.4400324908051
116,,,,,,,,,,,200.237430167598,169.7057759895008
117,,,,,,,,,,,201.64804243841635,174.83701851281361
118,,,,,,,,,,,207.248603351955,147.40879503541785
119,,,,,,,,,,,207.248603351955,172.52269083894194
120,,,,,,,,,,,211.45251396648,189.1657955961191
121,,,,,,,,,,,210.041899441341,195.93651746321666
122,,,,,,,,,,,205.85195842068924,183.6939565662562
123,,,,,,,,,,,212.84916395748135,184.31506246494848
124,,,,,,,,,,,215.656424581006,183.8699544008887
125,,,,,,,,,,,204.44133954341228,186.47705182682904
126,,,,,,,,,,,222.653631284916,174.5991695842928
127,,,,,,,,,,,212.849162011173,175.08080220838482
128,,,,,,,,,,,194.6368712494826,171.89132972636037
129,,,,,,,,,,,189.03631476050646,164.13738194707383
130,,,,,,,,,,,190.43295888594395,159.18610620432048
131,,,,,,,,,,,204.441340782123,142.1456555972217
132,,,,,,,,,,,191.8296118888109,142.52492690386057
133,,,,,,,,,,,191.82961064344,143.47079668298107
134,,,,,,,,,,,190.4329596351643,155.8495928005798
135,,,,,,,,,,,183.43575557516903,183.37904278792445
136,,,,,,,,,,,183.43575239431254,200.07047814863353
137,,,,,,,,,,,176.42458268383996,161.78490793238774
138,,,,,,,,,,,166.62010804151686,152.29044023672316
139,,,,,,,,,,,168.01676241961954,164.10122127006866
140,,,,,,,,,,,161.0195529061321,155.61116672760932
141,,,,,,,,,,,163.81284996117927,138.28821780961286
142,,,,,,,,,,,163.8128503874027,158.14582373343342
143,,,,,,,,,,,161.01955467096258,167.78744281170785
144,,,,,,,,,,,127.0949721927413,178.9672571562192
145,,,,,,,,,,,120.11173244628154,177.40890765156837
146,,,,,,,,,,,128.49161999019165,190.36428712266752
147,,,,,,,,,,,115.92178786537666,190.3666802666374
148,,,,,,,,,,,113.11452600043576,189.31018883289556
149,,,,,,,,,,,111.71787703170466,179.2917756494864
150,,,,,,,,,,,101.94134073779409,159.10930281411362
151,,,,,,,,,,,100.54469307000076,159.14707759905116
152,,,,,,,,,,,117.31843651277542,156.41352626531466
153,,,,,,,,,,,99.14804445402748,154.08831839538155
154,,,,,,,,,,,101.94134111177989,154.42927144009974
155,,,,,,,,,,,104.73463721448482,164.41327626312233
156,,,,,,,,,,,120.11173155616606,156.3280214652333
157,,,,,,,,,,,111.71787783191354,161.80788965198587
158,,,,,,,,,,,115.92178658400167,147.28021482515595
159,,,,,,,,,,,114.52513971641741,150.62028337956798
160,,,,,,,,,,,113.11452447285852,169.26555254605864
161,,,,,,,,,,,113.11452592551368,135.6093073157623
162,,,,,,,,,,,107.52793378004141,160.98372470733145
163,,,,,,,,,,,107.52793322894826,132.7278061960331
164,,,,,,,,,,,108.92458089632531,139.91279503736433
165,,,,,,,,,,,151.20111605266942,152.1498232605403
166,,,,,,,,,,,168.01675854781456,130.78573229842314
167,,,,,,,,,,,151.20111671156718,136.7086704820391
168,,,,,,,,,,,176.42458036625177,128.74859460655574
169,,,,,,,,,,,182.02514166771994,157.77790889560194
170,,,,,,,,,,,170.82402258611933,174.60048255640714
171,,,,,,,,,,,158.21229304681265,180.54359146003586
172,,,,,,,,,,,170.82402372077195,155.0115334517296
173,,,,,,,,,,,169.41340856045974,144.57106700489635
174,,,,,,,,,,,166.62011049979228,146.91007607309533
175,,,,,,,,,,,163.8128523695072,138.51562894422932
176,,,,,,,,,,,161.0195516141432,149.29731501380815
177,,,,,,,,,,,172.22066995401605,157.85271124300328
178,,,,,,,,,,,169.41340600894813,165.9535659366813
179,,,,,,,,,,,186.2290482389527,152.62647908326633
180,,,,,,,,,,,193.24022110947027,150.5692052857833
181,,,,,,,,,,,194.6368742913174,151.50293490074205
182,,,,,,,,,,,186.22904708598566,135.91773955182651
183,,,,,,,,,,,201.648044692737,115.52158078667824
184,,,,,,,,,,,197.44413662223133,135.53961351264104
185,,,,,,,,,,,189.03631593595003,124.84761725549272
186,,,,,,,,,,,196.033522472535,134.6133208774323
187,,,,,,,,,,,200.23743185917064,143.35455070660754
188,,,,,,,,,,,198.84078040136274,130.51563939485436
189,,,,,,,,,,,193.24022290593416,136.08343761143703
190,,,,,,,,,,,200.2374295282628,125.22795865530779
191,,,,,,,,,,,193.24022199271792,120.60410438865128
192,,,,,,,,,,,196.03352198720603,130.01987895715007
193,,,,,,,,,,,200.23742713075796,147.72827190810088
194,,,,,,,,,,,204.4413431263505,108.10211930528018
195,,,,,,,,,,,219.86033478262686,97.11462981790802
196,,,,,,,,,,,212.84916127360728,118.4110043306094
197,,,,,,,,,,,197.44413095313115,110.20312487954207
198,,,,,,,,,,,187.6396624968703,108.08809628408378
199,,,,,,,,,,,193.24022542497949,129.40893696839566
200,,,,,,,,,,,198.840782122905,133.88478010643132
201,,,,,,,,,,,179.23184120538514,117.14933738424625
202,,,,,,,,,,,193.24022110947027,119.6018063853488
203,,,,,,,,,,,183.43575471856073,120.87003451735615
204,,,,,,,,,,,182.02514088020632,115.89000200759097
205,,,,,,,,,,,179.23184525700242,128.44725958545106
206,,,,,,,,,,,177.82123009585766,127.13279013860142
207,,,,,,,,,,,163.8128522254901,120.17408489473371
208,,,,,,,,,,,132.69553148546683,105.24208164747857
209,,,,,,,,,,,132.6955308494621,112.10143071937505
210,,,,,,,,,,,134.0921784159026,126.49898418584363
211,,,,,,,,,,,132.69553089087725,147.29921080713154
212,,,,,,,,,,,135.48882542375713,130.086193741533
213,,,,,,,,,,,138.28212257204103,137.5448555898896
214,,,,,,,,,,,131.29888332089922,129.78785066048562
215,,,,,,,,,,,135.48882653468513,124.29272776188667
216,,,,,,,,,,,129.8882682779644,124.65238697410629
217,,,,,,,,,,,134.09217997636205,124.36561929030806
218,,,,,,,,,,,127.0949719205249,150.25787154056474
219,,,,,,,,,,,122.90502864784202,125.29110175583438
220,,,,,,,,,,,132.69553207485376,128.13844995541973
221,,,,,,,,,,,122.90502721537436,114.5448692338594
222,,,,,,,,,,,128.49161811547566,109.76640521814033
223,,,,,,,,,,,139.6787720702212,120.73527030230551
224,,,,,,,,,,,127.09497303894445,118.80472366703293
225,,,,,,,,,,,131.29888174295758,113.19491028286225
226,,,,,,,,,,,128.4916190361843,104.14906822103362
227,,,,,,,,,,,144.203911427013,118.38957749952301
228,,,,,,,,,,,131.29888139914863,111.7761576837501
229,,,,,,,,,,,125.69832254971212,115.63675982929644
230,,,,,,,,,,,128.4916194357685,116.62671781452006
231,,,,,,,,,,,131.2988825650188,120.49475696666275
232,,,,,,,,,,,129.88826873748644,120.94520930471352
233,,,,,,,,,,,127.09497303936055,107.42209002958319
234,,,,,,,,,,,104.73463670834475,96.88368202254755
235,,,,,,,,,,,107.52793322894826,90.22077513067835
236,,,,,,,,,,,107.52793252842721,102.52857317638134
237,,,,,,,,,,,138.28212292001203,118.90036268336614
238,,,,,,,,,,,139.67877142922168,132.1028992335969
239,,,,,,,,,,,149.80446911390945,137.84682564395803
240,,,,,,,,,,,168.01676070057502,161.17632979287805
241,,,,,,,,,,,158.2122917877059,161.08543975559712
242,,,,,,,,,,,151.20111769138106,163.52976004338143
243,,,,,,,,,,,145.6005596282095,154.82793017805588
244,,,,,,,,,,,142.80726395505764,143.1074848920939
245,,,,,,,,,,,156.81563906829453,144.84172396070457
246,,,,,,,,,,,136.88547435086525,143.5018529971884
247,,,,,,,,,,,128.49161947364587,146.86319353527216
248,,,,,,,,,,,138.28212426652806,124.81382816363991
249,,,,,,,,,,,141.39664919183232,107.80259009887716
250,,,,,,,,,,,144.20391051005035,126.07487740754732
251,,,,,,,,,,,162.4161999060788,133.61026920003602
252,,,,,,,,,,,152.61173485710634,126.930424894867
253,,,,,,,,,,,142.8072657232177,116.14458518487778
254,,,,,,,,,,,127.09497226828796,123.10713334289991
255,,,,,,,,,,,129.88826768857803,115.4587532334321
256,,,,,,,,,,,138.2821224159536,117.79711696105966
257,,,,,,,,,,,141.3966494965153,114.88249267612754
258,,,,,,,,,,,166.62011067627517,114.64433004944345
259,,,,,,,,,,,149.80447121505605,109.91502316637401
260,,,,,,,,,,,138.28212393062722,110.82019294440401
261,,,,,,,,,,,145.6005598013626,117.67585225923594
262,,,,,,,,,,,148.40782345922963,117.64652382395133
263,,,,,,,,,,,145.6005601443393,136.34137170607835
264,,,,,,,,,,,158.21229136522902,132.04025712259642
265,,,,,,,,,,,144.20390945240075,125.40786070530608
266,,,,,,,,,,,142.80726237669998,133.69598175268897
267,,,,,,,,,,,145.60055738054854,130.11798941223353
268,,,,,,,,,,,154.00838087515817,141.93612196550387
269,,,,,,,,,,,148.40782222717797,149.3810972034433
270,,,,,,,,,,,145.60055817971684,152.75421613088545
271,,,,,,,,,,,147.01117358227674,156.69791678809554
272,,,,,,,,,,,163.8128483628428,162.54105373467817
273,,,,,,,,,,,162.41619801804342,172.3665890530501
274,,,,,,,,,,,145.6005587757632,183.05136826451252
275,,,,,,,,,,,135.48882566600543,163.00072841637643
276,,,,,,,,,,,141.39664798808516,134.3034848520877
277,,,,,,,,,,,144.20391103159136,137.62275998360968
278,,,,,,,,,,,142.80726388679528,129.73985580841915
279,,,,,,,,,,,139.6787720702212,139.17948202172786
280,,,,,,,,,,,138.28212198598425,137.89538507646358
281,,,,,,,,,,,149.8044683355526,132.5336550097059
282,,,,,,,,,,,141.3966455706004,133.5140396005281
283,,,,,,,,,,,151.2011158899222,139.0950216735872
284,,,,,,,,,,,136.8854761668923,156.42210895622247
285,,,,,,,,,,,132.69552911293567,145.8192389504203
286,,,,,,,,,,,136.885475394779,130.9160665510086
287,,,,,,,,,,,134.0921784146536,121.77209368631145
288,,,,,,,,,,,132.69553148546683,125.22596945309755
289,,,,,,,,,,,131.29888369259555,126.37122618044901
290,,,,,,,,,,,131.2988816801064,152.75322889149544
291,,,,,,,,,,,121.50837993322105,138.35819986445912
292,,,,,,,,,,,124.3016754049162,144.3508199002986
293,,,,,,,,,,,122.90502851901805,146.0432715847176
294,,,,,,,,,,,124.30167611584353,164.42803096088642
295,,,,,,,,,,,120.11173197968346,170.31492114566583
296,,,,,,,,,,,124.30167568129528,181.92554459392036
297,,,,,,,,,,,118.71508350252444,157.07766024427008
298,,,,,,,,,,,118.71508361906967,163.64433957211804
299,,,,,,,,,,,110.32122891562776,174.8613127483336
300,,,,,,,,,,,103.33798887978146,180.88687972649524
301,,,,,,,,,,,94.94413387514238,154.79989073962497
302,,,,,,,,,,,96.35474874284222,161.8332737392889
303,,,,,,,,,,,94.94413405448697,142.78400514378885
304,,,,,,,,,,,106.13128493789712,150.11777019201028
305,,,,,,,,,,,93.5474859658816,148.42453205468937
306,,,,,,,,,,,96.35474856957201,149.55433637070254
307,,,,,,,,,,,93.54748621603798,164.13955420089155
308,,,,,,,,,,,106.131284916201,155.64845193447985
309,,,,,,,,,,,94.94413422004384,161.67539640844876
310,,,,,,,,,,,90.75419009397818,148.8352345421327
311,,,,,,,,,,,93.54748597722399,149.5493654848476
312,,,,,,,,,,,96.35474820501638,167.56742903640117
313,,,,,,,,,,,89.35754187718585,186.5746202615386
314,,,,,,,,,,,90.7541901439262,138.0433139055133
315,,,,,,,,,,,92.15083830100195,151.3371997438993
316,,,,,,,,,,,89.35754206968087,129.97698631033566
317,,,,,,,,,,,87.9608938581565,161.78260901786786
318,,,,,,,,,,,114.5251395712559,193.34773170798178
319,,,,,,,,,,,132.6955300336446,195.33142381373756
320,,,,,,,,,,,154.00838102874772,185.60790422575468
321,,,,,,,,,,,147.01117445636729,188.06408685762133
322,,,,,,,,,,,152.6117317453442,193.40296800909067
323,,,,,,,,,,,155.40503049029985,193.38352072838313
324,,,,,,,,,,,149.8044697544928,198.53938587551016
325,,,,,,,,,,,136.88547435086525,210.1757248020703
326,,,,,,,,,,,132.69553207485376,201.92843921524187
327,,,,,,,,,,,145.6005587416323,175.04505565213123
328,,,,,,,,,,,131.29888176418564,187.24195087838476
329,,,,,,,,,,,138.2821214515403,176.9416594172322
330,,,,,,,,,,,162.41620166091928,183.61852141565436
331,,,,,,,,,,,158.21228903265637,186.03865157708776
332,,,,,,,,,,,149.8044683355526,178.52955358987413
333,,,,,,,,,,,152.61173451246486,162.76758030473178
334,,,,,,,,,,,155.40502523992978,144.2433864660767
335,,,,,,,,,,,141.39664703699128,137.6539804141282
336,,,,,,,,,,,148.40781844195033,153.9181131290989
337,,,,,,,,,,,141.3966476234643,177.62768496681178
338,,,,,,,,,,,152.61173395471172,179.248924501781
339,,,,,,,,,,,168.0167620142076,148.38693586807653
340,,,,,,,,,,,169.4134089075984,180.603156798212
341,,,,,,,,,,,136.88547620227197,167.2401657717185
342,,,,,,,,,,,136.885476041606,142.1756696692727
343,,,,,,,,,,,138.28212180492275,161.06903736817796
344,,,,,,,,,,,152.61173165710267,167.3190300025086
345,,,,,,,,,,,159.6089369291698,166.77602927778
346,,,,,,,,,,,144.20390945240075,144.1483018692975
347,,,,,,,,,,,145.60055749459633,178.61503310626432
348,,,,,,,,,,,139.67877238822402,185.73289983432414
349,,,,,,,,,,,148.40782222717797,183.46306190893668
350,,,,,,,,,,,142.80726165744846,170.99375242377806
351,,,,,,,,,,,142.80726348887603,170.84393489960155
352,,,,,,,,,,,154.00837917567634,148.3597309829136
353,,,,,,,,,,,156.81564414967363,152.48960820656242
354,,,,,,,,,,,147.01117344824965,159.76100988727723
355,,,,,,,,,,,141.39664798808516,146.0219659851918
356,,,,,,,,,,,125.69832323982723,151.7224421264738
357,,,,,,,,,,,145.60055929230893,162.41945852280978
358,,,,,,,,,,,138.28212198598425,169.06574390537247
359,,,,,,,,,,,135.48882535133282,166.23292356812755
360,,,,,,,,,,,141.3966467035882,151.98723383206203
361,,,,,,,,,,,152.61173489123746,158.0414896470875
362,,,,,,,,,,,155.40502620392684,152.25811876481484
363,,,,,,,,,,,132.69552911293567,155.22296725704675
364,,,,,,,,,,,131.2988825650188,154.269806035071
365,,,,,,,,,,,128.49162179997495,156.30825072693398
366,,,,,,,,,,,124.30167488379185,166.92728428867275
367,,,,,,,,,,,129.88826926194076,135.16858788175935
368,,,,,,,,,,,124.30167723134909,121.18391675364717
369,,,,,,,,,,,118.71508377765483,131.11006364809083
370,,,,,,,,,,,120.11173194659314,148.85765832812416
371,,,,,,,,,,,118.71508386880983,139.2724626423925
372,,,,,,,,,,,118.71508388129661,125.99267683715095
373,,,,,,,,,,,118.71508387089102,136.89275584074338
374,,,,,,,,,,,121.50838034113058,139.07856988424064
375,,,,,,,,,,,121.50837918046336,150.64004794054551
376,,,,,,,,,,,117.31843589446032,149.1821536467563
377,,,,,,,,,,,106.131284916201,150.40369045010172
378,,,,,,,,,,,104.7346369214565,166.04601674572683
379,,,,,,,,,,,100.54469272059869,164.1420249624292
380,,,,,,,,,,,100.54469277489117,155.22658911497223
381,,,,,,,,,,,117.31843642848838,157.8016381656659
382,,,,,,,,,,,104.73463731219572,148.73343074787948
383,,,,,,,,,,,110.32122814538755,135.92842733643567
384,,,,,,,,,,,131.29888272360367,147.20920565158278
385,,,,,,,,,,,129.8882682683914,132.24342266232944
386,,,,,,,,,,,134.09217748187442,127.86119190216397
387,,,,,,,,,,,132.69553063968033,133.43045817906608
388,,,,,,,,,,,110.32122913997762,138.01613426075306
389,,,,,,,,,,,86.5642458100559,133.8236995649071
390,,,,,,,,,,,90.7541899441341,128.9812272470756
391,,,,,,,,,,,85.1675977653631,133.1587207783532
392,,,,,,,,,,,86.5642458100559,117.98074093610867
393,,,,,,,,,,,87.9608938547486,134.52997653094738
394,,,,,,,,,,,125.69832473327295,126.4226813152346
395,,,,,,,,,,,117.31843566282662,142.72791670395978
396,,,,,,,,,,,172.2206715631751,135.75762141100557
397,,,,,,,,,,,152.61173298613613,147.09949564001425
398,,,,,,,,,,,154.0083806807769,151.73464844929453
399,,,,,,,,,,,152.6117317453442,165.6572483638142
400,,,,,,,,,,,155.40503049029985,141.33227849139845
401,,,,,,,,,,,155.4050287042417,147.3055575671475
402,,,,,,,,,,,135.48882609972068,109.13648491465177
403,,,,,,,,,,,135.48882566600543,112.25424321732574
404,,,,,,,,,,,139.67877115783762,101.7011429679544
405,,,,,,,,,,,139.6787708964427,120.49710605480813
406,,,,,,,,,,,136.88547450570405,129.81014095621384
407,,,,,,,,,,,141.39664884344492,139.54697548885255
408,,,,,,,,,,,145.60056013726322,121.47263842921018
409,,,,,,,,,,,151.2011158899222,127.09870614694131
410,,,,,,,,,,,141.39664703699128,125.14872102264587
411,,,,,,,,,,,141.39664927341428,112.1896388956122
412,,,,,,,,,,,147.0111749758267,106.18312102289839
413,,,,,,,,,,,141.3966476234643,115.63600343032917
414,,,,,,,,,,,138.28212269857588,124.4495220757062
415,,,,,,,,,,,138.28212346652697,130.11007701426576
416,,,,,,,,,,,147.0111763410726,117.18675112591096
417,,,,,,,,,,,155.40502956209886,140.7965759079715
418,,,,,,,,,,,148.40781915787187,135.6993501312904
419,,,,,,,,,,,147.01117258081888,118.29605114151991
420,,,,,,,,,,,141.39664901992805,107.46046879313184
421,,,,,,,,,,,154.00837856631023,123.12415703714883
422,,,,,,,,,,,166.6201141326784,123.52543971974724
423,,,,,,,,,,,149.80447045085145,128.32962681253156
424,,,,,,,,,,,151.20111875693902,116.45073629083286
425,,,,,,,,,,,147.0111741845664,116.67143332673098
426,,,,,,,,,,,147.01117445636729,127.3943149175642
427,,,,,,,,,,,149.80446972161025,112.46047663996636
428,,,,,,,,,,,156.81564466913323,106.08252735111286
429,,,,,,,,,,,162.41619801804342,105.32331806721993
430,,,,,,,,,,,158.2122924008182,97.17280073039358
431,,,,,,,,,,,162.41620310691485,128.59977090283837
432,,,,,,,,,,,149.8044694951795,111.67014784819594
433,,,,,,,,,,,149.80447118675264,106.2932862294578
434,,,,,,,,,,,152.61173247292044,103.3308286082478
435,,,,,,,,,,,141.39664953688987,118.64620834797104
436,,,,,,,,,,,142.8072611829422,111.48829412006637
437,,,,,,,,,,,139.67877205606945,109.77912130115253
438,,,,,,,,,,,148.40782077702062,116.5718400334761
439,,,,,,,,,,,152.61173489123746,112.33257722296861
440,,,,,,,,,,,141.3966494965153,107.64610313503435
441,,,,,,,,,,,139.6787718096591,99.06552021813123
442,,,,,,,,,,,134.0921784146536,95.20669984959018
443,,,,,,,,,,,129.88826926194076,93.41981160574113
444,,,,,,,,,,,120.11173203920518,90.96676487850247
445,,,,,,,,,,,120.1117304308788,94.40748793827422
446,,,,,,,,,,,115.92178782937215,121.42275494507705
447,,,,,,,,,,,114.5251395712559,126.20452883710534
448,,,,,,,,,,,114.52513981797878,131.0712036577853
449,,,,,,,,,,,113.1145249853466,152.7306151398403
450,,,,,,,,,,,114.52513980923717,154.27707320651544
451,,,,,,,,,,,113.11452544767754,152.28522585715342
452,,,,,,,,,,,110.32122920012348,139.414606575526
453,,,,,,,,,,,113.11452540012293,120.37429825782597
454,,,,,,,,,,,121.50838028743621,125.56731360334952
455,,,,,,,,,,,117.31843592775944,118.53657267363387
456,,,,,,,,,,,108.92458070756334,99.19651261213437
457,,,,,,,,,,,128.49162007697618,128.55373405086578
458,,,,,,,,,,,114.52513954971589,108.03045457863779
459,,,,,,,,,,,118.71508323155635,107.74012567631526
460,,,,,,,,,,,114.52513981381605,103.28828135557347
461,,,,,,,,,,,128.49161982473873,121.79377057365848
462,,,,,,,,,,,113.11452489242204,130.97549324928053
463,,,,,,,,,,,111.71787690683449,120.27390681498541
464,,,,,,,,,,,120.11173254617762,113.23402564826952
465,,,,,,,,,,,113.11452447285852,111.02787753057201
466,,,,,,,,,,,108.92458159164337,113.77871806395108
467,,,,,,,,,,,110.3212294034535,103.7726442927922
468,,,,,,,,,,,113.11452428534547,106.43361590219948
469,,,,,,,,,,,135.48882740627778,122.0523650496781
470,,,,,,,,,,,145.6005586625476,118.51850518217957
471,,,,,,,,,,,149.8044682314939,114.58651751009246
472,,,,,,,,,,,142.80726237669998,119.52667282436353
473,,,,,,,,,,,172.2206715631751,118.0660098339513
474,,,,,,,,,,,151.20111699252516,134.63009768316564
475,,,,,,,,,,,170.82402406458044,143.10805295807367
476,,,,,,,,,,,151.20111769138106,140.07712994083028
477,,,,,,,,,,,145.6005596282095,155.22543019089585
478,,,,,,,,,,,148.40782027004818,123.20754403508566
479,,,,,,,,,,,142.80726127617854,112.17844626080625
480,,,,,,,,,,,141.39664894708702,110.92354269667042
481,,,,,,,,,,,142.80726258315192,135.31999298397415
482,,,,,,,,,,,147.01117199018367,124.92608130810659
483,,,,,,,,,,,142.8072629011545,106.77108044064914
484,,,,,,,,,,,147.01117345740667,107.25713636164222
485,,,,,,,,,,,145.60055929230893,124.6834346822685
486,,,,,,,,,,,145.60055641238915,123.10032982649753
487,,,,,,,,,,,147.01117259663576,119.84477552122245
488,,,,,,,,,,,149.80446993472182,105.34773483039946
489,,,,,,,,,,,149.8044683334714,117.92298668714525
490,,,,,,,,,,,147.01117510485912,100.13417673926777
491,,,,,,,,,,,147.0111749758267,103.07843936388718
492,,,,,,,,,,,148.40781890646696,115.3991375459805
493,,,,,,,,,,,156.81564016049106,132.08717248293254
494,,,,,,,,,,,136.88547581933713,116.80062874735387
495,,,,,,,,,,,144.20391131171633,97.10164053480058
496,,,,,,,,,,,141.39664901992805,98.34208054207892
497,,,,,,,,,,,156.81564387828914,116.96478972534028
498,,,,,,,,,,,152.61173195346103,124.25140577134265
499,,,,,,,,,,,145.60055738054854,127.8255313917915
500,,,,,,,,,,,144.20391126509847,134.58900101191537
501,,,,,,,,,,,141.3966487518732,134.6014418715206
502,,,,,,,,,,,141.39664847757564,131.47173794413092
503,,,,,,,,,,,152.6117317453442,139.71358091804532
504,,,,,,,,,,,165.22346254167616,134.94525427258876
505,,,,,,,,,,,173.61731591754125,138.7316975959019
506,,,,,,,,,,,166.62011049979228,151.36475766254557
507,,,,,,,,,,,155.40503086241287,126.51135118480514
508,,,,,,,,,,,149.80447118675264,128.04226805627692
509,,,,,,,,,,,154.00837790366649,142.3980528399264
510,,,,,,,,,,,158.2122919055002,144.85109419796038
511,,,,,,,,,,,162.4161999060788,151.11732463680167
512,,,,,,,,,,,162.4162022195049,139.79220642057876
513,,,,,,,,,,,159.60893872396895,123.97439749463973
514,,,,,,,,,,,168.0167591496886,122.91558298277104
515,,,,,,,,,,,151.20111791781204,109.49352952063748
516,,,,,,,,,,,141.3966494965153,119.18693107266664
517,,,,,,,,,,,149.80446864106793,125.79667844585859
518,,,,,,,,,,,141.3966483893339,131.33452725144053
519,,,,,,,,,,,145.6005604573468,132.39288608496747
520,,,,,,,,,,,135.48882770804704,115.87506448756369
521,,,,,,,,,,,135.48882583333116,138.69139712283052
522,,,,,,,,,,,121.50837919607176,129.8584437287055
523,,,,,,,,,,,121.50838051345102,128.32829129679254
524,,,,,,,,,,,121.50837993322105,135.03096238819217
525,,,,,,,,,,,115.92178777932031,149.6940118319992
526,,,,,,,,,,,118.71508398535565,151.96342967742015
527,,,,,,,,,,,111.71787709289057,151.84540962290512
528,,,,,,,,,,,113.11452544767754,147.54734071190143
529,,,,,,,,,,,114.52513929352419,166.6691460123272
530,,,,,,,,,,,110.32122891562776,161.7079767751294
531,,,,,,,,,,,104.73463697743992,150.89285160825924
532,,,,,,,,,,,94.94413387514238,131.2211538967808
533,,,,,,,,,,,94.94413405448697,131.8880673984908
534,,,,,,,,,,,106.13128493789712,143.05556615346288
535,,,,,,,,,,,94.94413440672463,141.06275078304657
536,,,,,,,,,,,96.35474856957201,136.19180660882142
537,,,,,,,,,,,97.75139680850273,144.21324425569452
538,,,,,,,,,,,110.32122905048733,147.42297231568278
539,,,,,,,,,,,97.75139662255035,173.19381206062263
540,,,,,,,,,,,96.35474844435075,139.77875765142488
541,,,,,,,,,,,97.75139686781601,140.77454682252252
542,,,,,,,,,,,99.14804468358021,167.89295820550512
543,,,,,,,,,,,99.14804481906431,188.26686982668974
544,,,,,,,,,,,99.14804481261267,155.56115304957527
545,,,,,,,,,,,94.94413441869135,125.15008867203204
546,,,,,,,,,,,94.94413376863858,138.67433349929723
547,,,,,,,,,,,117.31843581371126,165.95769959455077
548,,,,,,,,,,,145.6005596448586,153.24818710375067
549,,,,,,,,,,,144.2039112338806,179.55511252390593
550,,,,,,,,,,,159.6089392933766,187.2182207883406
551,,,,,,,,,,,149.80447026978953,176.49862020458616
552,,,,,,,,,,,162.41620318183692,167.54738918562853
553,,,,,,,,,,,155.4050310230787,184.04600199374374
554,,,,,,,,,,,155.40503049029985,190.97780467411673
555,,,,,,,,,,,152.6117330772917,200.92788507485528
556,,,,,,,,,,,139.67877126106342,201.34296667975423
557,,,,,,,,,,,145.6005587416323,170.0308649516641
558,,,,,,,,,,,136.88547602079427,160.89542490643484
559,,,,,,,,,,,151.20111782998663,161.58302155370137
560,,,,,,,,,,,141.39664884344492,158.0128641334992
561,,,,,,,,,,,144.2039091714434,145.6250556229546
562,,,,,,,,,,,148.4078191512123,144.30139052967778
563,,,,,,,,,,,149.8044683334714,147.5280032702329
564,,,,,,,,,,,169.41340772466285,170.4340632651106
565,,,,,,,,,,,159.60893707734925,156.82182783104867
566,,,,,,,,,,,154.00838199940466,145.07879177618287
567,,,,,,,,,,,161.01955348719423,142.45126113545285
568,,,,,,,,,,,148.40782080615674,150.0039065416962
569,,,,,,,,,,,154.0083832855664,156.75893263360638
570,,,,,,,,,,,149.80447256365278,134.6113509705611
571,,,,,,,,,,,154.00838103374264,154.6661150921654
572,,,,,,,,,,,145.6005584685829,129.68982435221795
573,,,,,,,,,,,141.39664901992805,143.45350380882888
574,,,,,,,,,,,165.2234657050509,167.70991451913397
575,,,,,,,,,,,158.21229118208615,147.9815027242596
576,,,,,,,,,,,159.6089400276125,164.29736897848818
577,,,,,,,,,,,154.00838084727036,164.15910866839957
578,,,,,,,,,,,163.8128476385966,168.1989330752604
579,,,,,,,,,,,148.40782222717797,170.8947150184458
580,,,,,,,,,,,151.20111769138106,170.7777752673161
581,,,,,,,,,,,168.01675816487983,189.75378786385363
582,,,,,,,,,,,170.82402538320878,182.18067203820095
583,,,,,,,,,,,163.8128509767895,170.21461115702567
584,,,,,,,,,,,152.61173018197098,179.85179320393982
585,,,,,,,,,,,166.62011049979228,202.32268341593237
586,,,,,,,,,,,161.01955114213473,176.56096718497815
587,,,,,,,,,,,154.00837790366649,172.9907578329799
588,,,,,,,,,,,152.61173336782252,167.87210332531487
589,,,,,,,,,,,147.01117205636461,160.89666584766778
590,,,,,,,,,,,145.60056013726322,150.87637699516125
591,,,,,,,,,,,158.2122899633546,148.8233174175521
592,,,,,,,,,,,149.80447248873094,158.1401850025082
593,,,,,,,,,,,142.80726182727167,149.3055407628
594,,,,,,,,,,,152.6117324695906,163.90061367157438
595,,,,,,,,,,,147.01117039725742,179.7765833439104
596,,,,,,,,,,,138.28212393062722,134.71791485834368
597,,,,,,,,,,,122.90502635293832,150.18019445032402
598,,,,,,,,,,,125.69832390247117,164.72371314823988
599,,,,,,,,,,,125.69832450018238,148.50790495979038
600,,,,,,,,,,,120.11173190725883,137.48356861358883
601,,,,,,,,,,,120.11173207895543,165.81745836987824
602,,,,,,,,,,,120.11173216324312,169.81480470749284
603,,,,,,,,,,,121.50837918046336,175.08723276620492
604,,,,,,,,,,,121.50838002229501,163.3187276757631
605,,,,,,,,,,,118.71508418514733,157.5599490305899
606,,,,,,,,,,,101.941340782123,189.90085688050203
607,,,,,,,,,,,99.1480446927374,202.0073981225158
608,,,,,,,,,,,94.9441336603138,198.53950590394714
609,,,,,,,,,,,111.71787703170466,190.7516504316357
610,,,,,,,,,,,99.14804509398662,157.91826260655975
611,,,,,,,,,,,99.14804462863745,173.36267265527596
612,,,,,,,,,,,114.52513978499174,176.17976907744736
613,,,,,,,,,,,99.14804445402748,154.751110983461
614,,,,,,,,,,,104.73463685069672,149.76773336113496
615,,,,,,,,,,,97.75139680850273,150.16115618817625
616,,,,,,,,,,,115.92178742187973,144.1419408907435
617,,,,,,,,,,,97.75139662255035,172.01164526812866
618,,,,,,,,,,,100.54469272827303,182.58045549499244
619,,,,,,,,,,,104.73463637785538,159.93728231950834
620,,,,,,,,,,,99.14804468358021,164.44125938681884
621,,,,,,,,,,,100.54469272910549,186.83114944723064
622,,,,,,,,,,,101.94134103519286,157.50986237765662
623,,,,,,,,,,,100.54469285730538,194.79633793484524
624,,,,,,,,,,,96.35474853092732,165.89494231026958
625,,,,,,,,,,,97.75139652515173,189.11450987088648
626,,,,,,,,,,,134.09217811996012,158.69655658995606
627,,,,,,,,,,,120.11173207895543,167.7865251640699
628,,,,,,,,,,,156.8156429376017,165.18400695903372
629,,,,,,,,,,,156.81564374509432,154.4421743464205
630,,,,,,,,,,,161.0195502755363,157.2322603485772
631,,,,,,,,,,,159.60893797807842,161.13322479098835
632,,,,,,,,,,,142.80726395505764,164.3206394451291
633,,,,,,,,,,,136.88547619353128,178.51157516407568
634,,,,,,,,,,,134.0921778485761,192.8241146742963
635,,,,,,,,,,,148.40782197993565,176.19977176355926
636,,,,,,,,,,,156.81564038858755,159.0166563111979
637,,,,,,,,,,,147.01117345740667,166.36519203638886
638,,,,,,,,,,,145.60055929230893,163.49722564386906
639,,,,,,,,,,,139.6787696007077,174.25025328244578
640,,,,,,,,,,,144.2039091714434,167.89467761969433
641,,,,,,,,,,,154.008380613347,162.21419238011902
642,,,,,,,,,,,156.8156427228251,179.67551406535367
643,,,,,,,,,,,142.80726161291156,184.5902633750241
644,,,,,,,,,,,155.4050254655283,188.8868745212447
645,,,,,,,,,,,142.807261717386,166.43465459679746
646,,,,,,,,,,,144.20390765760175,147.61324795264747
647,,,,,,,,,,,144.20391074896855,152.30689026789958
648,,,,,,,,,,,145.60055536930767,132.7862152440586
649,,,,,,,,,,,152.61172837967962,170.96066381927955
650,,,,,,,,,,,141.39664632106957,136.11143259612558
651,,,,,,,,,,,154.0083823931618,155.30524668746844
652,,,,,,,,,,,155.40502701058702,150.0693029864537
653,,,,,,,,,,,156.81564231325123,172.89458919087588
654,,,,,,,,,,,158.21228965034703,178.98172496084422
655,,,,,,,,,,,141.3966487518732,186.07394355385696
656,,,,,,,,,,,147.01117445636729,192.00993156799402
657,,,,,,,,,,,149.80446972161025,168.9528738353502
658,,,,,,,,,,,154.00837917567634,155.09178465554828
659,,,,,,,,,,,159.6089373012828,166.43514018318518
660,,,,,,,,,,,154.00838024872664,157.82353131631257
661,,,,,,,,,,,141.39664919183232,163.25090427305435
662,,,,,,,,,,,138.28212328796263,167.09307198084917
663,,,,,,,,,,,139.6787696007077,180.1082746035227
664,,,,,,,,,,,136.88547631715264,156.91066622650823
665,,,,,,,,,,,148.4078191512123,148.2722774847259
666,,,,,,,,,,,152.6117330568962,149.30620750401914
667,,,,,,,,,,,142.8072640104167,153.1568602210317
668,,,,,,,,,,,156.8156418479023,130.67305582944914
669,,,,,,,,,,,139.67877074326879,120.1749435916293
670,,,,,,,,,,,136.885475394779,131.11119601729854
671,,,,,,,,,,,135.48882535216507,143.35233101964639
672,,,,,,,,,,,134.09217959675692,128.92448041692109
673,,,,,,,,,,,128.49161891339534,162.41826795915634
674,,,,,,,,,,,113.11452557795873,154.07313469901453
675,,,,,,,,,,,108.92458089632531,155.68411686233992
676,,,,,,,,,,,111.717877094972,143.09683623635203
677,,,,,,,,,,,110.321229050279,151.9599406233881
678,,,,,,,,,,,107.52793298378658,148.39526868024697
679,,,,,,,,,,,110.32122920012348,144.63181715770773
680,,,,,,,,,,,110.32122891562776,145.59519679686204
681,,,,,,,,,,,101.941340782123,143.12847417326634
682,,,,,,,,,,,90.7541899441341,116.3573342328632
683,,,,,,,,,,,87.9608938547486,132.13877714670906
684,,,,,,,,,,,89.3575418994413,103.26354940052471
685,,,,,,,,,,,90.75419009397818,105.9757155646159
686,,,,,,,,,,,92.15083796067904,114.9739328176615
687,,,,,,,,,,,89.35754204928537,121.81960419902572
688,,,,,,,,,,,93.5474859444976,126.37380517061861
689,,,,,,,,,,,89.35754181827582,109.28039891759765
690,,,,,,,,,,,85.16759780792302,92.60063251782233
691,,,,,,,,,,,87.9608938581565,98.51727594855613
692,,,,,,,,,,,115.92178785393017,127.28449353438342
693,,,,,,,,,,,134.09217826147972,130.90030757741545
694,,,,,,,,,,,128.4916207851974,121.9116079692814
695,,,,,,,,,,,125.69832426209683,129.69934133989645
696,,,,,,,,,,,158.21228965034703,123.76761411363557
697,,,,,,,,,,,162.4161984592512,126.31382743906077
698,,,,,,,,,,,152.61173298613613,127.89315771165842
699,,,,,,,,,,,154.0083806807769,124.96329819148826
700,,,,,,,,,,,165.22346202554635,143.58604701371132
701,,,,,,,,,,,162.41620098412375,138.01340456115463
702,,,,,,,,,,,145.60056033330923,139.92219267402606
703,,,,,,,,,,,139.67877085315442,133.4555334951624
704,,,,,,,,,,,142.80726258315192,149.8521079830619
705,,,,,,,,,,,144.20391185032275,147.5626117723616
706,,,,,,,,,,,144.20391103159136,145.56619919045698
707,,,,,,,,,,,142.80726388679528,122.51055593930138
708,,,,,,,,,,,139.6787720702212,124.79335623205357
709,,,,,,,,,,,151.20111820501322,106.56928100368252
710,,,,,,,,,,,172.22066958190342,101.20483863807425
711,,,,,,,,,,,158.2122899633546,109.60779973685561
712,,,,,,,,,,,149.80447248873094,103.81848853893118
713,,,,,,,,,,,136.88547339685798,105.80933674087737
714,,,,,,,,,,,138.28212207505817,116.4940530902513
715,,,,,,,,,,,148.40782080615674,137.75954352077804
716,,,,,,,,,,,138.28212393062722,114.22527227987777
717,,,,,,,,,,,158.21228855565255,137.905212253665
718,,,,,,,,,,,151.2011177729628,115.62560007517243
719,,,,,,,,,,,158.21229008822482,111.43459449808364
720,,,,,,,,,,,156.8156429542508,120.12553471759702
721,,,,,,,,,,,156.81564387828914,115.64119823058441
722,,,,,,,,,,,142.80726237669998,129.8359799720135
723,,,,,,,,,,,139.67877238822402,134.10465533756712
724,,,,,,,,,,,142.80726208575308,158.78789499069086
725,,,,,,,,,,,142.80726342560823,155.18771766201093
726,,,,,,,,,,,149.80446788185805,154.62596038866323
727,,,,,,,,,,,148.4078216519435,137.9565158652856
728,,,,,,,,,,,161.0195519196588,131.10273345430792
729,,,,,,,,,,,168.01676030931515,136.03009072761955
730,,,,,,,,,,,154.00838137671937,148.59827968994352
731,,,,,,,,,,,162.41620175582096,138.38528755823344
732,,,,,,,,,,,144.2039093175413,121.00339352418585
733,,,,,,,,,,,138.28212328796263,123.49181215148715
734,,,,,,,,,,,141.39664884344492,112.05313451400852
735,,,,,,,,,,,141.39664884261245,106.32901634479869
736,,,,,,,,,,,155.40502523992978,109.33892787975252
737,,,,,,,,,,,136.8854761668923,94.48477243775676
738,,,,,,,,,,,144.203912236171,102.85330740100179
739,,,,,,,,,,,132.69552924529796,115.16611134581387
740,,,,,,,,,,,138.28212269857588,118.82031107748006
741,,,,,,,,,,,136.88547581933713,103.52739653773804
742,,,,,,,,,,,128.49161891339534,118.42607691322118
743,,,,,,,,,,,124.30167691667637,120.19841310365227
744,,,,,,,,,,,115.92178684706128,108.90812312133161
745,,,,,,,,,,,113.11452428534547,114.32145749556959
746,,,,,,,,,,,111.717877094972,135.36937844799016
747,,,,,,,,,,,113.11452517296387,133.69576115182028
748,,,,,,,,,,,110.32122902849251,143.930436359854
749,,,,,,,,,,,110.321229050279,140.49396497785386
750,,,,,,,,,,,108.92458105137217,145.91600238361184
751,,,,,,,,,,,108.92458113045673,147.38173097205527
752,,,,,,,,,,,108.92458110215276,129.55312584490406
753,,,,,,,,,,,121.50838028743621,132.91340864487225
754,,,,,,,,,,,111.71787642171438,121.04973258585915
755,,,,,,,,,,,106.13128583191491,99.87954951344088
756,,,,,,,,,,,122.90502829487579,106.73787907608794
757,,,,,,,,,,,103.33798895043701,103.49980316254934
758,,,,,,,,,,,114.52513962318112,110.93986632916348
759,,,,,,,,,,,125.69832471183717,131.82985378668607
760,,,,,,,,,,,107.52793338753321,135.47691888149893
761,,,,,,,,,,,111.71787672098624,137.00099605380166
762,,,,,,,,,,,104.73463701219532,123.95041131107497
763,,,,,,,,,,,114.52513971641741,116.63251369858583
764,,,,,,,,,,,106.13128457821936,120.83821443872064
765,,,,,,,,,,,108.92458018935258,125.77528262854287
766,,,,,,,,,,,108.92458159164337,103.75617320311127
767,,,,,,,,,,,108.92458038581483,100.48103549502089
768,,,,,,,,,,,106.13128416052912,125.4797405495658
769,,,,,,,,,,,128.4916207851974,125.63892012909439
770,,,,,,,,,,,121.5083796379036,139.89978574008217
771,,,,,,,,,,,180.62848916932847,138.89889918559126
772,,,,,,,,,,,166.62011152122963,143.6003165379919
773,,,,,,,,,,,166.6201102916751,141.8240161826991
774,,,,,,,,,,,158.21229038291807,152.32439334249375
775,,,,,,,,,,,156.8156418387449,157.99190294143176
776,,,,,,,,,,,149.80446764876723,139.49482193206273
777,,,,,,,,,,,151.20111585287742,136.50803138049278
778,,,,,,,,,,,138.28212260200985,115.18523954312892
779,,,,,,,,,,,145.6005596465239,140.1532409460853
780,,,,,,,,,,,149.8044694951795,124.41410935790857
781,,,,,,,,,,,141.39664919183232,103.85477274448176
782,,,,,,,,,,,155.40502758540572,128.0669520341649
783,,,,,,,,,,,165.2234664692559,136.2840299046073
784,,,,,,,,,,,166.62011351415566,134.80012173134855
785,,,,,,,,,,,145.60055898346377,137.22553781623924
786,,,,,,,,,,,144.20391270235262,142.16928978705545
787,,,,,,,,,,,169.41340837731696,138.27455480671455
788,,,,,,,,,,,182.0251386175607,134.70543565613588
789,,,,,,,,,,,163.81284718406903,122.66702616014945
790,,,,,,,,,,,152.611729980514,117.2100459619857
791,,,,,,,,,,,159.60894134457524,109.0321546160308
792,,,,,,,,,,,162.41619961554775,120.60222219321993
793,,,,,,,,,,,151.20111792197451,135.41520019067082
794,,,,,,,,,,,168.01676181025334,161.08372662486966
795,,,,,,,,,,,149.8044682314939,150.71931763317966
796,,,,,,,,,,,145.60055749459633,158.95066414964907
797,,,,,,,,,,,148.40782240116408,154.98229364110136
798,,,,,,,,,,,148.40782148045562,151.66950859587314
799,,,,,,,,,,,161.01955149010536,148.0968493527042
800,,,,,,,,,,,154.0083806807769,154.85591087261406
